{
    "stationId": 1151,
    "stationName": "SSA La Bajada",
    "location": {
        "latitude": "35.56361",
        "longitude": "-106.22567",
        "altitude": 1990
    },
    "dateTime": "2024-04-06 22:51:38",
    "wind": {
        "speed": 40.3,
        "gust": 45.9,
        "min": 34.7,
        "unit": "mph",
        "direction": 281
    },
    "daily": {
        "max_temp": 0,
        "min_temp": 0
    },
    "temperature": 39.2
}

{
    "stationId": 1151,
    "stationName": "SSA La Bajada",
    "location": {
        "latitude": "35.56361",
        "longitude": "-106.22567",
        "altitude": 1990
    },
    "dateTime": "2024-04-06 22:45:00",
    "wind": {
        "speed": 54.6,
        "gust": 69.4,
        "min": 37.8,
        "unit": "mph",
        "direction": 293
    },
    "daily": {
        "max_temp": 0,
        "min_temp": 0
    },
    "temperature": 37.8
}

{
    "stationId": 1151,
    "stationName": "SSA La Bajada",
    "location": {
        "latitude": "35.56361",
        "longitude": "-106.22567",
        "altitude": 1990
    },
    "dateTime": "2024-04-06 22:00:00",
    "wind": {
        "speed": 51.5,
        "gust": 75.6,
        "min": 34.1,
        "unit": "mph",
        "direction": 276
    },
    "daily": {
        "max_temp": 0,
        "min_temp": 0
    },
    "temperature": 41.7
}
